model,train_acc,val_acc,test_acc
resnet18,99.86591390261115,90.79650315687226,93.03580186365866
